page_va,executable,before_sha256,after_sha256,before_nonzero,after_nonzero,change_reason,before_permissions,permissions
0x11301000,False,89d6b3bfe8718f1a23b39741b0dcb7c83808409e86f2d25028b1b98888ca9efc,7eb0747dd914968b63e0f717bf051e7e0bc021d2daf8ce9988edc90986a61ad0,True,True,,7,7
0x11302000,False,ad7facb2586fc6e966c004d7d1d16b024f5805ff7cb47c7a85dabd8b48892ca7,3f179d46f214104f7e24f3cf14c6d0cf365081c3d3a6dfab2c085c4d1b6231b7,False,True,,7,7
0x11303000,False,ad7facb2586fc6e966c004d7d1d16b024f5805ff7cb47c7a85dabd8b48892ca7,d9385a8f43550ea7adcf9d7d9d052108e95d5fcb365b34530da26a858ac31c98,False,True,,7,7
0x11304000,False,ad7facb2586fc6e966c004d7d1d16b024f5805ff7cb47c7a85dabd8b48892ca7,a5778e42688313273b0c42506cc22bb15899daccd2ad95c9657d32f86105c2d5,False,True,,7,7
0x11305000,False,ad7facb2586fc6e966c004d7d1d16b024f5805ff7cb47c7a85dabd8b48892ca7,a878efb66dd4e5e43444690759b16387e963b901a37b89389cc19e07a317e891,False,True,,7,7
0x11306000,False,ad7facb2586fc6e966c004d7d1d16b024f5805ff7cb47c7a85dabd8b48892ca7,2a336b044d386c572c5f3af4ac1b90b829358ac2a5ac860800c5e8c630fbafd8,False,True,,7,7
0x11307000,False,ad7facb2586fc6e966c004d7d1d16b024f5805ff7cb47c7a85dabd8b48892ca7,4d4a558c863d47d6f69d8e73a411e6e4b6b10da0a04ca7edc764a0a91b7b4b51,False,True,,7,7
0x11308000,False,ad7facb2586fc6e966c004d7d1d16b024f5805ff7cb47c7a85dabd8b48892ca7,d51bd34db0d67d1fb6f749739d6a334843353e8f23a94f0ffb929470792cd299,False,True,,7,7
0x11309000,False,ad7facb2586fc6e966c004d7d1d16b024f5805ff7cb47c7a85dabd8b48892ca7,b9af55425392cff3b1af6a1cffc0d49b312308ce0daa636ad1ecaa0c0b7e022b,False,True,,7,7
0x1130a000,False,ad7facb2586fc6e966c004d7d1d16b024f5805ff7cb47c7a85dabd8b48892ca7,043094a418ebcc42e596817bb39141a7ee749e503e91cdce13e72b89e611cf32,False,True,,7,7
0x1130b000,False,ad7facb2586fc6e966c004d7d1d16b024f5805ff7cb47c7a85dabd8b48892ca7,b8be0b6be4f6a6e78356c3f4caafcc06c20ad5286b020710f1f20f3c807d9ad3,False,True,,7,7
0x1130c000,False,ad7facb2586fc6e966c004d7d1d16b024f5805ff7cb47c7a85dabd8b48892ca7,2cdbf792f11d8528eeffc5c2c60abe647b66faa6e4ce94ccb0d31c86f848b168,False,True,,7,7
0x1130d000,False,ad7facb2586fc6e966c004d7d1d16b024f5805ff7cb47c7a85dabd8b48892ca7,d795069f8c3e294448908d6e397c0ddb357740ff08e740efd32437ff788f3c79,False,True,,7,7
0x1130e000,False,ad7facb2586fc6e966c004d7d1d16b024f5805ff7cb47c7a85dabd8b48892ca7,d05d272cfe683024f63ab30de7bbd71b8c3a167a51e226a8ee219bce9afd6e18,False,True,,7,7
0x1130f000,False,ad7facb2586fc6e966c004d7d1d16b024f5805ff7cb47c7a85dabd8b48892ca7,06efd100399491aa7d3409c83bdda6532a0a9b1e134d4a0e157305d70b453727,False,True,,7,7
0x11310000,False,ad7facb2586fc6e966c004d7d1d16b024f5805ff7cb47c7a85dabd8b48892ca7,4f13d327ee0774116bdc2ce1f3062f44a34c52a9cdca807b9527542e873d6f9c,False,True,,7,7
0x11311000,False,ad7facb2586fc6e966c004d7d1d16b024f5805ff7cb47c7a85dabd8b48892ca7,89eaa72264ca85ec604708202e50322893e6ffc9e9762e968e8f8b47b3c1ae3a,False,True,,7,7
0x11312000,False,ad7facb2586fc6e966c004d7d1d16b024f5805ff7cb47c7a85dabd8b48892ca7,428562247031d6ac302d30f30e93a0b698949d3b41fddb943ed612021b5074ee,False,True,,7,7
0x11313000,False,ad7facb2586fc6e966c004d7d1d16b024f5805ff7cb47c7a85dabd8b48892ca7,6a9938e12018e98518b4988ee37445686f08640224b6d5831888fdd12fc9eeb1,False,True,,7,7
0x11314000,False,ad7facb2586fc6e966c004d7d1d16b024f5805ff7cb47c7a85dabd8b48892ca7,533d0d433b8ec83489a6e46b8ee600eb33d6773013845ce8e5f1bfc802ea8d3a,False,True,,7,7
0x11315000,False,ad7facb2586fc6e966c004d7d1d16b024f5805ff7cb47c7a85dabd8b48892ca7,6d023294ffd2eaf71551ecbaaa8b3df0544907349bcb2ac721a0b95149f8b350,False,True,,7,7
0x11316000,False,ad7facb2586fc6e966c004d7d1d16b024f5805ff7cb47c7a85dabd8b48892ca7,1fef8a088fcae8e8a76b979a13004ef24823f85ad1ebdd5a03b0db5c2be87076,False,True,,7,7
0x11317000,False,ad7facb2586fc6e966c004d7d1d16b024f5805ff7cb47c7a85dabd8b48892ca7,790b84d8777f396681fa488030ca949dda5ae16ee8b4b3a5847848492c7a23e8,False,True,,7,7
0x11318000,False,ad7facb2586fc6e966c004d7d1d16b024f5805ff7cb47c7a85dabd8b48892ca7,a9ea9217f0e1b1f30951a54aec96bcf23157309b83b473118ae302733f9162d5,False,True,,7,7
0x11319000,False,ad7facb2586fc6e966c004d7d1d16b024f5805ff7cb47c7a85dabd8b48892ca7,31cf68b07a18039435a1bd59a2b1594675acf7095610ea4a701a0a574d85b376,False,True,,7,7
0x1131a000,False,ad7facb2586fc6e966c004d7d1d16b024f5805ff7cb47c7a85dabd8b48892ca7,a829c551b74a48eba6e62d08dc75f960c23569c40c9fa5dbd265aa1b67262e59,False,True,,7,7
0x1131b000,False,ad7facb2586fc6e966c004d7d1d16b024f5805ff7cb47c7a85dabd8b48892ca7,f4c2dda5d876330f79f03de6ca6e05a07fa65526b4cf16f7ffa4b467627f6465,False,True,,7,7
0x1131c000,False,ad7facb2586fc6e966c004d7d1d16b024f5805ff7cb47c7a85dabd8b48892ca7,fe371409bbb6e7b856c6fe378406b745be573f69dd00a410e2b6d6d4f6486da2,False,True,,7,7
0x1131d000,False,ad7facb2586fc6e966c004d7d1d16b024f5805ff7cb47c7a85dabd8b48892ca7,ef39c21ca0303ac324b392773c973646b5941821b06ddabd99227ab1fa1051d7,False,True,,7,7
0x1131e000,False,ad7facb2586fc6e966c004d7d1d16b024f5805ff7cb47c7a85dabd8b48892ca7,58c0c175b679b4282db3976b11d2d1536394c9a5664de8391a652fdd0bb019e6,False,True,,7,7
0x1131f000,False,ad7facb2586fc6e966c004d7d1d16b024f5805ff7cb47c7a85dabd8b48892ca7,8e5f5e4f6c85797e20a5399f19101cbfa8c1bdd3de9ae9ee3140b7b0c712b389,False,True,,7,7
0x11320000,False,ad7facb2586fc6e966c004d7d1d16b024f5805ff7cb47c7a85dabd8b48892ca7,6a8d37e751fa3a48d17899d41b5cbf74d9e70b51e164ac910a2fff3783b034e0,False,True,,7,7
0x11321000,False,ad7facb2586fc6e966c004d7d1d16b024f5805ff7cb47c7a85dabd8b48892ca7,866539fe82f331534890984749cb905f331028782f5fa7be6a02e1e7f5e6565d,False,True,,7,7
0x11322000,False,ad7facb2586fc6e966c004d7d1d16b024f5805ff7cb47c7a85dabd8b48892ca7,fb931ca7ad0c3b1cc0503b06599f4c37d877c18397cfbda6e7d1f9c52033e2e0,False,True,,7,7
0x11323000,False,ad7facb2586fc6e966c004d7d1d16b024f5805ff7cb47c7a85dabd8b48892ca7,ad42a551d98e3d32e6bca8460a744618a16d58b0e49f193e4daad623d0e0b233,False,True,,7,7
0x11324000,False,ad7facb2586fc6e966c004d7d1d16b024f5805ff7cb47c7a85dabd8b48892ca7,8fc8b565d3a5139049cd868e7eb64e2090dd7ba287c3e544a11821a1239e1acc,False,True,,7,7
0x11325000,False,ad7facb2586fc6e966c004d7d1d16b024f5805ff7cb47c7a85dabd8b48892ca7,36f1b2c9d403747a1a84933017c9b51e0748afb1828c3daa59b266a153f29a3f,False,True,,7,7
0x11326000,False,ad7facb2586fc6e966c004d7d1d16b024f5805ff7cb47c7a85dabd8b48892ca7,14d20104a26ef7fea3b44c5fc3cb31f10d26f96581043ec4b6bba1a114b94829,False,True,,7,7
0x11327000,False,ad7facb2586fc6e966c004d7d1d16b024f5805ff7cb47c7a85dabd8b48892ca7,2309e449baf15798fec1b8e54a042f508d042e66e2a37b656d48a5fafb49a632,False,True,,7,7
0x11328000,False,ad7facb2586fc6e966c004d7d1d16b024f5805ff7cb47c7a85dabd8b48892ca7,875003c8723cf34bec673284b98ebde64651e51a8f0aae1cb3a9987a56aafe7e,False,True,,7,7
0x11329000,False,ad7facb2586fc6e966c004d7d1d16b024f5805ff7cb47c7a85dabd8b48892ca7,9be9ac37fe8c0583e19da44250085efaab536be796d7376ecc47845e20b717a3,False,True,,7,7
0x1132a000,False,ad7facb2586fc6e966c004d7d1d16b024f5805ff7cb47c7a85dabd8b48892ca7,85145468f18d0dd73dca30727873d8c14150aa1b447ab73e91682a13f6c5a2ca,False,True,,7,7
0x1132b000,False,ad7facb2586fc6e966c004d7d1d16b024f5805ff7cb47c7a85dabd8b48892ca7,56e9b2332d41ba3e4688ebaa4570b709c1b3c1c7357f7c3bec07aec817c5f17e,False,True,,7,7
0x1132c000,False,ad7facb2586fc6e966c004d7d1d16b024f5805ff7cb47c7a85dabd8b48892ca7,32137c66e6093d486c5a945ac9e53bdaeac3ddb8811970fe2fd7a206452a7ef0,False,True,,7,7
0x1132d000,False,ad7facb2586fc6e966c004d7d1d16b024f5805ff7cb47c7a85dabd8b48892ca7,f3139dae3742c2976f2ffa3c1cda45a3acd953cb5b46be83aaa60d9da340bd04,False,True,,7,7
0x1132e000,False,ad7facb2586fc6e966c004d7d1d16b024f5805ff7cb47c7a85dabd8b48892ca7,b36cace7419aa7d23d12fe15170b2ee5e9f4e9030a32cbd49f160f3851db054b,False,True,,7,7
0x1132f000,False,ad7facb2586fc6e966c004d7d1d16b024f5805ff7cb47c7a85dabd8b48892ca7,36f7245357a94a2e834e2da59d3a888f66872bc1779b4e82aac829dcf93e7042,False,True,,7,7
0x11330000,False,ad7facb2586fc6e966c004d7d1d16b024f5805ff7cb47c7a85dabd8b48892ca7,3b4c603b04e953075851769b65a0fa9c68fec69b2902102dffad8185de90b39a,False,True,,7,7
0x11331000,False,ad7facb2586fc6e966c004d7d1d16b024f5805ff7cb47c7a85dabd8b48892ca7,cf1b2d70262b6477b8a7137dbeb0df802ee58ce9be4aaad02acaac20dab188e6,False,True,,7,7
0x11332000,False,ad7facb2586fc6e966c004d7d1d16b024f5805ff7cb47c7a85dabd8b48892ca7,8d80a3cca868cd4192d158474380806a4e1d170cfbe5f301dd9bbf1f14a7dfcd,False,True,,7,7
0x11333000,False,ad7facb2586fc6e966c004d7d1d16b024f5805ff7cb47c7a85dabd8b48892ca7,60a4cce53702db5f1e9fb227b03c1a1abaa6e788d76f0533c160eecd7b00c29b,False,True,,7,7
0x11334000,False,ad7facb2586fc6e966c004d7d1d16b024f5805ff7cb47c7a85dabd8b48892ca7,72c49b47ddb47fbc70719f24c4fe96372ae4f899f54176fb15057ed52656c0b5,False,True,,7,7
0x11335000,False,ad7facb2586fc6e966c004d7d1d16b024f5805ff7cb47c7a85dabd8b48892ca7,a438da8185baacdfcd804c471aa32c11466b1f70294cf78d494ca1d04aa0a050,False,True,,7,7
0x11336000,False,ad7facb2586fc6e966c004d7d1d16b024f5805ff7cb47c7a85dabd8b48892ca7,5197568994afec13d48e935008b65642d4792001924ea32416506e6be39c0aca,False,True,,7,7
0x11337000,False,ad7facb2586fc6e966c004d7d1d16b024f5805ff7cb47c7a85dabd8b48892ca7,d28b4c2f880a13b81086931398a5947df053c67c15431816a6e0a28abe9b4393,False,True,,7,7
0x11338000,False,ad7facb2586fc6e966c004d7d1d16b024f5805ff7cb47c7a85dabd8b48892ca7,a36a45cf61a41f9a1cf0e68d7a1ef6eaaa8f8469ac719950a538ef631b0bbd4e,False,True,,7,7
0x11339000,False,ad7facb2586fc6e966c004d7d1d16b024f5805ff7cb47c7a85dabd8b48892ca7,cf90fe018ecae46a01e604a0dd89d009aeb320ad8f63be83f0197f10dd8d1c10,False,True,,7,7
0x1133a000,False,ad7facb2586fc6e966c004d7d1d16b024f5805ff7cb47c7a85dabd8b48892ca7,61dd9d3b7ed0aba04abec7c8ca17ef6fcaaae19c19ed4a69067403896629adc6,False,True,,7,7
0x1133b000,False,ad7facb2586fc6e966c004d7d1d16b024f5805ff7cb47c7a85dabd8b48892ca7,1c62771bb5b6450089cddc0d07727af8c405a65aa2a668f95995947cc6b31180,False,True,,7,7
0x1133c000,False,ad7facb2586fc6e966c004d7d1d16b024f5805ff7cb47c7a85dabd8b48892ca7,95edc147db4e4a52cb8413b262f5fbc953630aad5ea89c0b66f280a5af6656f7,False,True,,7,7
0x1133d000,False,ad7facb2586fc6e966c004d7d1d16b024f5805ff7cb47c7a85dabd8b48892ca7,f82cc520c1a4b3c98f058f6ce30e1a7e5ccdd562306f7244d1cab1d5ad3f6b41,False,True,,7,7
0x1133e000,False,ad7facb2586fc6e966c004d7d1d16b024f5805ff7cb47c7a85dabd8b48892ca7,86d1d493eda27034daf46da75ab8ae4b78db5017279200be1e3d46d85bdda6a3,False,True,,7,7
0x1133f000,False,ad7facb2586fc6e966c004d7d1d16b024f5805ff7cb47c7a85dabd8b48892ca7,1e27e4d4482b89828aaa7be639fe226f84f9094684361339216f1b61fbb3f05a,False,True,,7,7
0x11340000,False,ad7facb2586fc6e966c004d7d1d16b024f5805ff7cb47c7a85dabd8b48892ca7,b4cd77cc08bcb2577bc00ca5f0cb43cde97b2e05329dbb32b7310def353aebbd,False,True,,7,7
0x11341000,False,ad7facb2586fc6e966c004d7d1d16b024f5805ff7cb47c7a85dabd8b48892ca7,2d440283d0d7b1e01f28eca541338539a3f3ab2dc6af570ac84398f1bf90dc22,False,True,,7,7
0x11342000,False,ad7facb2586fc6e966c004d7d1d16b024f5805ff7cb47c7a85dabd8b48892ca7,9a578b248ececeaf672c8d994415acfe30548902135b47d54b3f99ed2a674298,False,True,,7,7
0x11343000,False,ad7facb2586fc6e966c004d7d1d16b024f5805ff7cb47c7a85dabd8b48892ca7,b20d165fca4c2227d248886ec5fca8128e1fa6b3bea72c835ff4e6d0d4d7adeb,False,True,,7,7
0x11344000,False,ad7facb2586fc6e966c004d7d1d16b024f5805ff7cb47c7a85dabd8b48892ca7,c167ebb4c628dd9703c9f8c3fac7e0bd970fb57b50c3889236915d7ff7f1f7ce,False,True,,7,7
0x11345000,False,ad7facb2586fc6e966c004d7d1d16b024f5805ff7cb47c7a85dabd8b48892ca7,8893fd6feb2072e8f5bd74a42d3d5434555c926bc7db1dfcf2132853fad6abeb,False,True,,7,7
0x11347000,True,ad7facb2586fc6e966c004d7d1d16b024f5805ff7cb47c7a85dabd8b48892ca7,ffd7b729a095a62306ecd77fdd6215e9636cfcba1eecc4ae786be8bea7df2e5c,False,True,executable_page_changed,7,7
0x11348000,True,ad7facb2586fc6e966c004d7d1d16b024f5805ff7cb47c7a85dabd8b48892ca7,cea237b9dedcabc51287d6875b1c695ec770f6d33e109b4bc4695ed494a2f768,False,True,executable_page_changed,7,7
0x11349000,True,ad7facb2586fc6e966c004d7d1d16b024f5805ff7cb47c7a85dabd8b48892ca7,f7cf4dc15fcf1cc0f230720c5769c13d6b41e53d1478d591a303fd88ce4d4937,False,True,executable_page_changed,7,7
0x1134a000,True,ad7facb2586fc6e966c004d7d1d16b024f5805ff7cb47c7a85dabd8b48892ca7,a4c3f4a429c0370c655a42430afec9a68857ab2750e3c9e448eff991e0c9055f,False,True,executable_page_changed,7,7
0x1134b000,True,ad7facb2586fc6e966c004d7d1d16b024f5805ff7cb47c7a85dabd8b48892ca7,96e66cdd373d02c49f028e57444a1ca1e8cf2c066e3604d3b0689f51b2c3d846,False,True,executable_page_changed,7,7
0x1134c000,True,ad7facb2586fc6e966c004d7d1d16b024f5805ff7cb47c7a85dabd8b48892ca7,9a55379270d707833afa4dedd1f934f63a87f0ad593cf34685ab2cfc32fa9875,False,True,executable_page_changed,7,7
0x1134d000,True,ad7facb2586fc6e966c004d7d1d16b024f5805ff7cb47c7a85dabd8b48892ca7,e46c9a8eda5a0e0fad23e9cf000e28bdf1325ac1662e03e4b21d8cf20288d7d8,False,True,executable_page_changed,7,7
0x1134e000,True,ad7facb2586fc6e966c004d7d1d16b024f5805ff7cb47c7a85dabd8b48892ca7,0cfd987bbaa4c26a8e911564062550ae0ee5aec19a0ecb97c7ad3ee94c1c753f,False,True,executable_page_changed,7,7
0x1134f000,True,ad7facb2586fc6e966c004d7d1d16b024f5805ff7cb47c7a85dabd8b48892ca7,dcc48d61bdb745d48a615add57d1557e0c222cbab6267356711d587573524b54,False,True,executable_page_changed,7,7
0x11350000,True,ad7facb2586fc6e966c004d7d1d16b024f5805ff7cb47c7a85dabd8b48892ca7,75549d1b081c0628396726fc6607b352669419354a2257a2655bdb77c6192734,False,True,executable_page_changed,7,7
0x11351000,True,ad7facb2586fc6e966c004d7d1d16b024f5805ff7cb47c7a85dabd8b48892ca7,ce09ff29494ad34bc397e97d5a0003b4d15fb4e0a5ad3eeb6d986041823f7ef2,False,True,executable_page_changed,7,7
0x11352000,True,ad7facb2586fc6e966c004d7d1d16b024f5805ff7cb47c7a85dabd8b48892ca7,87b1daec796cdd8113ee34f671803eaf3ede9e30659b65945c0df0a28aed86a2,False,True,executable_page_changed,7,7
0x11353000,True,ad7facb2586fc6e966c004d7d1d16b024f5805ff7cb47c7a85dabd8b48892ca7,b1bb90fdbf1cb2f1c48678dc778bdc9ffc29e07a5ec887b56f1493a45490822b,False,True,executable_page_changed,7,7
0x11354000,True,ad7facb2586fc6e966c004d7d1d16b024f5805ff7cb47c7a85dabd8b48892ca7,20a3f05483f46c70c6a960617a35201780b7d08d95741f5253ff5ff42b8af1a6,False,True,executable_page_changed,7,7
0x11355000,True,ad7facb2586fc6e966c004d7d1d16b024f5805ff7cb47c7a85dabd8b48892ca7,0e6d4e11e3cb1e9a2301b1ad1c5e2ef4784f4cd86edcbf36d25aeb64fc33f98e,False,True,executable_page_changed,7,7
0x11356000,True,ad7facb2586fc6e966c004d7d1d16b024f5805ff7cb47c7a85dabd8b48892ca7,95f634f415bb95c0788d3bd8a2bd9644fb7cb5d796b12f1578bf561a48a13dbb,False,True,executable_page_changed,7,7
0x11357000,True,ad7facb2586fc6e966c004d7d1d16b024f5805ff7cb47c7a85dabd8b48892ca7,d9f4bbd5092392a1302e91b086301e4b888b1bf80ea9d949a04b75037c83f15e,False,True,executable_page_changed,7,7
0x11358000,True,ad7facb2586fc6e966c004d7d1d16b024f5805ff7cb47c7a85dabd8b48892ca7,9ae7c45a4d4edb3fcaa50cb3e789c86f1b0a9c6ff0beb52beca5443ca8beaac6,False,True,executable_page_changed,7,7
0x11359000,True,ad7facb2586fc6e966c004d7d1d16b024f5805ff7cb47c7a85dabd8b48892ca7,854162b51fb0eec58194f77433c8af84c3c3fbcc93cb895b24eb34dd885e43f1,False,True,executable_page_changed,7,7
0x1135a000,True,ad7facb2586fc6e966c004d7d1d16b024f5805ff7cb47c7a85dabd8b48892ca7,87aa9e86db2fed8dad9aeda4f2cbedd4e986b1b753865e8fa8b04d2c4acb4326,False,True,executable_page_changed,7,7
0x1135b000,True,ad7facb2586fc6e966c004d7d1d16b024f5805ff7cb47c7a85dabd8b48892ca7,8a13c603821280cccf586cf68db41cde211013ca3f0c8f4ec0c722f04004ac39,False,True,executable_page_changed,7,7
0x1135c000,True,ad7facb2586fc6e966c004d7d1d16b024f5805ff7cb47c7a85dabd8b48892ca7,b992b802f3dfb8553f80220c157585b69dcee5c5ac7fa92d51192d2f4ef33892,False,True,executable_page_changed,7,7
0x1135d000,True,ad7facb2586fc6e966c004d7d1d16b024f5805ff7cb47c7a85dabd8b48892ca7,db06ec74eb0f1c170cfea71594470e8b6c38ac9eadb715709bb7bff1ee883003,False,True,executable_page_changed,7,7
0x1135e000,True,ad7facb2586fc6e966c004d7d1d16b024f5805ff7cb47c7a85dabd8b48892ca7,4b3ce064fefd7bc087467f2d390bbf2e02072a444b329f418ca4a61a12dcac7f,False,True,executable_page_changed,7,7
0x1135f000,True,ad7facb2586fc6e966c004d7d1d16b024f5805ff7cb47c7a85dabd8b48892ca7,b7b940b31a6b3bce8583716a97463b6585d5ba4042d36378513b5bfeff3b7b4e,False,True,executable_page_changed,7,7
0x11360000,True,ad7facb2586fc6e966c004d7d1d16b024f5805ff7cb47c7a85dabd8b48892ca7,a4b144afaa229d8dee8010bbe18e7f2afabb4cc821581bc3f18001fe93861ca8,False,True,executable_page_changed,7,7
0x11361000,True,ad7facb2586fc6e966c004d7d1d16b024f5805ff7cb47c7a85dabd8b48892ca7,2d02652f9596d2bc37dde47fb6ce432d0e2dd824911f4ba470960170704b69f2,False,True,executable_page_changed,7,7
0x11362000,True,ad7facb2586fc6e966c004d7d1d16b024f5805ff7cb47c7a85dabd8b48892ca7,f9f1270da87835e4d60c3225c172267cdc401827e4cad641574a10c6801c41ed,False,True,executable_page_changed,7,7
0x11363000,True,ad7facb2586fc6e966c004d7d1d16b024f5805ff7cb47c7a85dabd8b48892ca7,d7b48d095d7ffca64ff83d369c7c09afe44e58eadd29ab65776c6c3ef5d05315,False,True,executable_page_changed,7,7
0x11364000,True,ad7facb2586fc6e966c004d7d1d16b024f5805ff7cb47c7a85dabd8b48892ca7,a8e8c8ae5e34de83e8cd6441985c278b3d196efbafb3699830ebb4db45470023,False,True,executable_page_changed,7,7
0x11365000,True,ad7facb2586fc6e966c004d7d1d16b024f5805ff7cb47c7a85dabd8b48892ca7,d7417c19307810993ac456c75ae23e6f096de32a0d08b4cd24991b6daf4b91b8,False,True,executable_page_changed,7,7
0x11366000,True,ad7facb2586fc6e966c004d7d1d16b024f5805ff7cb47c7a85dabd8b48892ca7,24f1a81d28f2079c0fec265be373234550f31572ad84b625578316dfaaa1e226,False,True,executable_page_changed,7,7
0x11367000,True,ad7facb2586fc6e966c004d7d1d16b024f5805ff7cb47c7a85dabd8b48892ca7,ae429a59b683e21222d767de183c0173a7e77f4084ff2a7988d0ef39e6557956,False,True,executable_page_changed,7,7
0x11368000,True,ad7facb2586fc6e966c004d7d1d16b024f5805ff7cb47c7a85dabd8b48892ca7,3b9c31aaf5393135348ab8f67348115088302d93a073311c036725afe479079c,False,True,executable_page_changed,7,7
0x11369000,True,ad7facb2586fc6e966c004d7d1d16b024f5805ff7cb47c7a85dabd8b48892ca7,92e475455a804dfd8d1d9f19740a17a9bd81ac55978bf4349eb5d8d98de93ff9,False,True,executable_page_changed,7,7
0x1136a000,True,ad7facb2586fc6e966c004d7d1d16b024f5805ff7cb47c7a85dabd8b48892ca7,5b858c1e0b2af88e5077a8ae2e21d20e5e75fddad8a00ad56372f81f624767e8,False,True,executable_page_changed,7,7
0x1136b000,True,ad7facb2586fc6e966c004d7d1d16b024f5805ff7cb47c7a85dabd8b48892ca7,9059ff43212e079457522acaf6c96ee8244d5b2ecc792b1518fae0ee087ef32d,False,True,executable_page_changed,7,7
0x1136c000,True,ad7facb2586fc6e966c004d7d1d16b024f5805ff7cb47c7a85dabd8b48892ca7,31f8316edc2857032b23476c4e7fcdc0e5d504513f3ffe1fb860497aafd2d12a,False,True,executable_page_changed,7,7
0x1136d000,True,ad7facb2586fc6e966c004d7d1d16b024f5805ff7cb47c7a85dabd8b48892ca7,820c26d60e42f89c76d2217908ddad87e0a1fb8bd4bc048e1ce48e492a7e1b5b,False,True,executable_page_changed,7,7
0x1136e000,True,ad7facb2586fc6e966c004d7d1d16b024f5805ff7cb47c7a85dabd8b48892ca7,43bf57fae445e7664eb62e92f886cd0d394ab537f18f2503178fd1833dd96fec,False,True,executable_page_changed,7,7
0x1136f000,True,ad7facb2586fc6e966c004d7d1d16b024f5805ff7cb47c7a85dabd8b48892ca7,16abe382fe223727a4ad8ddeed24244e12c2be31ebc331fe2f7d7f8b578c4544,False,True,executable_page_changed,7,7
0x11370000,True,ad7facb2586fc6e966c004d7d1d16b024f5805ff7cb47c7a85dabd8b48892ca7,f96e7aab1ed6ed02ed5826961515abaddc7d7be8fd92577554bef86e6af2e913,False,True,executable_page_changed,7,7
0x11371000,True,ad7facb2586fc6e966c004d7d1d16b024f5805ff7cb47c7a85dabd8b48892ca7,173655c47f29f9ed3ad2d5862b9a052daf284a84a336a09d065e7c0f3da35dbb,False,True,executable_page_changed,7,7
0x11372000,True,ad7facb2586fc6e966c004d7d1d16b024f5805ff7cb47c7a85dabd8b48892ca7,de2443c1822807f33fa74ea6d081e1688503421946783aa1e8dd0058287351c4,False,True,executable_page_changed,7,7
0x11373000,True,ad7facb2586fc6e966c004d7d1d16b024f5805ff7cb47c7a85dabd8b48892ca7,f27c3515097dce57359368aa2a706e125a697abaad814a2f666f27b44ec196e4,False,True,executable_page_changed,7,7
0x11374000,True,ad7facb2586fc6e966c004d7d1d16b024f5805ff7cb47c7a85dabd8b48892ca7,ccf1ed54f409c4b4fefdd8a9ed0145287d0f206beed914bcb27c7007d1c43779,False,True,executable_page_changed,7,7
0x11375000,True,ad7facb2586fc6e966c004d7d1d16b024f5805ff7cb47c7a85dabd8b48892ca7,18508b91bbec2f11d059e5365e7e1ccca1dc6a191348e25887636bd01064974b,False,True,executable_page_changed,7,7
0x11376000,True,ad7facb2586fc6e966c004d7d1d16b024f5805ff7cb47c7a85dabd8b48892ca7,08fcb741bc53a19b6c78ce0bd8bf308c5922d2e5ab4c0ac9b5693a1eab188136,False,True,executable_page_changed,7,7
0x11377000,True,ad7facb2586fc6e966c004d7d1d16b024f5805ff7cb47c7a85dabd8b48892ca7,f3d53507d79cae2364052068c582b93f28e54cead7ee4009027e930ec2549ac6,False,True,executable_page_changed,7,7
0x11378000,True,ad7facb2586fc6e966c004d7d1d16b024f5805ff7cb47c7a85dabd8b48892ca7,76e5ad4c9027b02fbd431900ed6ae69f2dad2de869655b33bd536889da02b426,False,True,executable_page_changed,7,7
0x11379000,True,ad7facb2586fc6e966c004d7d1d16b024f5805ff7cb47c7a85dabd8b48892ca7,a6c7dd20c241f7d03c7d1bfcf0d36ee043c8e0e7a7f49bef3f2189a7f946254b,False,True,executable_page_changed,7,7
0x1137a000,True,ad7facb2586fc6e966c004d7d1d16b024f5805ff7cb47c7a85dabd8b48892ca7,c6bdb08cff81fd0b889ee7028852b6b6dc384cdf9ec084fc9f98ca26a43fd595,False,True,executable_page_changed,7,7
0x1137b000,True,ad7facb2586fc6e966c004d7d1d16b024f5805ff7cb47c7a85dabd8b48892ca7,dc78b99689b05b51d4b38ffe364595e1587c90b1efa18d39a76afc9d5048d58f,False,True,executable_page_changed,7,7
0x1137c000,True,ad7facb2586fc6e966c004d7d1d16b024f5805ff7cb47c7a85dabd8b48892ca7,e46bb309f5afe69ba5426f924176515d1885676d347cabd1c4dc17f601589488,False,True,executable_page_changed,7,7
0x1137d000,True,ad7facb2586fc6e966c004d7d1d16b024f5805ff7cb47c7a85dabd8b48892ca7,10e6d068a8ba20228b618529be7df7711ffa666c5ec58e20974a2172ef562100,False,True,executable_page_changed,7,7
0x1137e000,True,ad7facb2586fc6e966c004d7d1d16b024f5805ff7cb47c7a85dabd8b48892ca7,a8533240bf6d53b4aa00454812e8960b7e494998d479ae7e41af61f1d2204e2c,False,True,executable_page_changed,7,7
0x1137f000,True,ad7facb2586fc6e966c004d7d1d16b024f5805ff7cb47c7a85dabd8b48892ca7,606a2418e85fa755ee4ae7e321e78e25a7582a8e0a62e8993964365af2824745,False,True,executable_page_changed,7,7
0x11380000,True,ad7facb2586fc6e966c004d7d1d16b024f5805ff7cb47c7a85dabd8b48892ca7,5aa03fd4d8020fb99fd1d31b37c2d0435fe53dec7b65632c93713349c5280242,False,True,executable_page_changed,7,7
0x11381000,True,ad7facb2586fc6e966c004d7d1d16b024f5805ff7cb47c7a85dabd8b48892ca7,4195b81bcdbf979b61ccdf67e7bcb1827ff5741505abd70df224695d6191e72c,False,True,executable_page_changed,7,7
0x11382000,True,ad7facb2586fc6e966c004d7d1d16b024f5805ff7cb47c7a85dabd8b48892ca7,98e7bf4553416992b1e8871b6f12042f2b46f36ec39ff60ed9075b5a9a3459fe,False,True,executable_page_changed,7,7
0x11383000,True,ad7facb2586fc6e966c004d7d1d16b024f5805ff7cb47c7a85dabd8b48892ca7,a89490345eff217ef1ded02f174cc602df5440b1edcb4ad0420a1bf77c413f97,False,True,executable_page_changed,7,7
0x11384000,True,ad7facb2586fc6e966c004d7d1d16b024f5805ff7cb47c7a85dabd8b48892ca7,089ac28588058ac81b6a301162099204a163168317121bc464d5889ca16a7627,False,True,executable_page_changed,7,7
0x11385000,True,ad7facb2586fc6e966c004d7d1d16b024f5805ff7cb47c7a85dabd8b48892ca7,39856e8c98b406bdb78da33a8e938c4753eca2ed5f1df3f16bf959cf592ce95f,False,True,executable_page_changed,7,7
0x11386000,True,ad7facb2586fc6e966c004d7d1d16b024f5805ff7cb47c7a85dabd8b48892ca7,bd9f3a7ba6a87a996ec4033de967db740bb05a7b8e4143b213b2133ba2780a28,False,True,executable_page_changed,7,7
0x11387000,True,ad7facb2586fc6e966c004d7d1d16b024f5805ff7cb47c7a85dabd8b48892ca7,68ee770b57103bcd4738b45fcd52b9ea4e3ef3e40bfa953cf99c71c4440e3b59,False,True,executable_page_changed,7,7
0x11388000,True,ad7facb2586fc6e966c004d7d1d16b024f5805ff7cb47c7a85dabd8b48892ca7,a514e5aadd3e35435d8711c98ab938e8d715b33393f7215cca4640eed0e29d4f,False,True,executable_page_changed,7,7
0x11389000,True,ad7facb2586fc6e966c004d7d1d16b024f5805ff7cb47c7a85dabd8b48892ca7,422c7fa7287db508b78df4e224927425ee1ad0096d01cea11e6af3ed64e238bb,False,True,executable_page_changed,7,7
0x1138a000,True,ad7facb2586fc6e966c004d7d1d16b024f5805ff7cb47c7a85dabd8b48892ca7,bcf8d1b291ffb55e2b725fc5ea62478536b07ab2d017664e4de733d287818362,False,True,executable_page_changed,7,7
0x1138b000,True,ad7facb2586fc6e966c004d7d1d16b024f5805ff7cb47c7a85dabd8b48892ca7,8c10e109bbbfae22b1cb4aeda96a9faa417a65cb8695c00bf1192e8b17bdb20f,False,True,executable_page_changed,7,7
0x1138c000,True,ad7facb2586fc6e966c004d7d1d16b024f5805ff7cb47c7a85dabd8b48892ca7,c674e02d8067c0c07209261fe563c0be6feecbfa226cf70cd75fd17cce04b3db,False,True,executable_page_changed,7,7
0x1138d000,True,ad7facb2586fc6e966c004d7d1d16b024f5805ff7cb47c7a85dabd8b48892ca7,74957f0d4d42e882c500bbf9bc87dce6952db52805cf47e83cbd6b1bc43af510,False,True,executable_page_changed,7,7
0x1138e000,True,ad7facb2586fc6e966c004d7d1d16b024f5805ff7cb47c7a85dabd8b48892ca7,5f9689ea315113c9f39e5af2fa7a4c7947985665a9ea8f8cd7c0dc042a6e136c,False,True,executable_page_changed,7,7
0x1138f000,True,ad7facb2586fc6e966c004d7d1d16b024f5805ff7cb47c7a85dabd8b48892ca7,32f0c37c0a3bacefb28fd783c39f8dad0bec0cb66b1f66753ac933045c5440e8,False,True,executable_page_changed,7,7
0x11390000,True,ad7facb2586fc6e966c004d7d1d16b024f5805ff7cb47c7a85dabd8b48892ca7,28a4a45fd714d13f10cd68e8c40dd9f1b855292dbfd0f6e7c1dd29f8b977da55,False,True,executable_page_changed,7,7
0x11391000,True,ad7facb2586fc6e966c004d7d1d16b024f5805ff7cb47c7a85dabd8b48892ca7,82d43cac20ea560e6054a2b8049c8e5c4d4b234d2ab1b8a373b0d314536c62ec,False,True,executable_page_changed,7,7
0x11392000,True,ad7facb2586fc6e966c004d7d1d16b024f5805ff7cb47c7a85dabd8b48892ca7,ad05435412ba37ce667db0bc2d00d852e096d0434798a9003dbda5edadbb2a52,False,True,executable_page_changed,7,7
0x11393000,True,ad7facb2586fc6e966c004d7d1d16b024f5805ff7cb47c7a85dabd8b48892ca7,920e0d66bae9ed9ba8befc2313e9714ed7f3a9b593a39d7cb11591e6a6bd690a,False,True,executable_page_changed,7,7
0x11394000,True,ad7facb2586fc6e966c004d7d1d16b024f5805ff7cb47c7a85dabd8b48892ca7,41eb3b98351a0ce17900b9d402d534a743c615acb9725b39ec5b52b986f54681,False,True,executable_page_changed,7,7
0x11395000,True,ad7facb2586fc6e966c004d7d1d16b024f5805ff7cb47c7a85dabd8b48892ca7,1308036e70830e27e4d61f349f1a83c14428fb218d1eba6c74041880d50a324f,False,True,executable_page_changed,7,7
0x11396000,True,ad7facb2586fc6e966c004d7d1d16b024f5805ff7cb47c7a85dabd8b48892ca7,7a37df458ae98bf453f54139af1378f71099dd277491d60956a1d5c0b6593cd5,False,True,executable_page_changed,7,7
0x11397000,True,ad7facb2586fc6e966c004d7d1d16b024f5805ff7cb47c7a85dabd8b48892ca7,221f97f4e9e5c298f70ce8b7c932c572bda45660c5fdd8b7303b9190b19fe756,False,True,executable_page_changed,7,7
0x11398000,True,ad7facb2586fc6e966c004d7d1d16b024f5805ff7cb47c7a85dabd8b48892ca7,e0b1bdcab4ce794bd58fb8f891fdbf91b047875567a872912badc982a3b30c6d,False,True,executable_page_changed,7,7
0x11399000,True,ad7facb2586fc6e966c004d7d1d16b024f5805ff7cb47c7a85dabd8b48892ca7,7426ed712a9261b045f09b9a0b7fa8c64d668a554f9ac227304745d6c79c8f50,False,True,executable_page_changed,7,7
0x1139a000,True,ad7facb2586fc6e966c004d7d1d16b024f5805ff7cb47c7a85dabd8b48892ca7,7c80f74a485951bd410cf7673ea0bdf32b7d5fdd30c4ac8ae30ec9f12eae1e5d,False,True,executable_page_changed,7,7
0x1139b000,True,ad7facb2586fc6e966c004d7d1d16b024f5805ff7cb47c7a85dabd8b48892ca7,339c6fb287039fc331dfa63a1d24b6f4e4bdb1c64bed91bdb9d6cbbeb981c2eb,False,True,executable_page_changed,7,7
0x1139c000,True,ad7facb2586fc6e966c004d7d1d16b024f5805ff7cb47c7a85dabd8b48892ca7,284ce1aa1f6c79616533d5e296b6d0259aebb21b229068a3d360a9782f06d089,False,True,executable_page_changed,7,7
0x1139d000,True,ad7facb2586fc6e966c004d7d1d16b024f5805ff7cb47c7a85dabd8b48892ca7,c2c33c9c5016204f0ed30f2a3b47b16de1be9a05d8675521f64469ac3473d5cc,False,True,executable_page_changed,7,7
0x1139e000,True,ad7facb2586fc6e966c004d7d1d16b024f5805ff7cb47c7a85dabd8b48892ca7,57f6760b0c8c996e41a461a854f285c83d96ca0b2f13b424fc07752d7d8f2d44,False,True,executable_page_changed,7,7
0x1139f000,True,ad7facb2586fc6e966c004d7d1d16b024f5805ff7cb47c7a85dabd8b48892ca7,43cf04d5eb53952592609b79543561d0320ea5dcb89aa0cbb52341e96617d08d,False,True,executable_page_changed,7,7
0x113a0000,True,ad7facb2586fc6e966c004d7d1d16b024f5805ff7cb47c7a85dabd8b48892ca7,9ca9960d9bd244be380e6590ee23ae0ee5cbf0dd3386d49b39a9ec73f53978b4,False,True,executable_page_changed,7,7
0x113a1000,True,ad7facb2586fc6e966c004d7d1d16b024f5805ff7cb47c7a85dabd8b48892ca7,bebccaa71de335289555449b20d3dd50d6ab5783c70e5de5775df3e84136988a,False,True,executable_page_changed,7,7
0x113a2000,True,ad7facb2586fc6e966c004d7d1d16b024f5805ff7cb47c7a85dabd8b48892ca7,aee30a5fe60af729d54988a08384ecbea20d8cf75cc55e836b99886c03933e14,False,True,executable_page_changed,7,7
0x113a3000,True,ad7facb2586fc6e966c004d7d1d16b024f5805ff7cb47c7a85dabd8b48892ca7,54cb392c90c77c7c6083516ddecb41a1d2e9638837ba2569b2ab748d8cf5faea,False,True,executable_page_changed,7,7
0x113a4000,True,ad7facb2586fc6e966c004d7d1d16b024f5805ff7cb47c7a85dabd8b48892ca7,efccf2533c60dd156bcfde7ae18a8cb1fe4590383dfa90ed5cd715afb0e8534c,False,True,executable_page_changed,7,7
0x113a5000,True,ad7facb2586fc6e966c004d7d1d16b024f5805ff7cb47c7a85dabd8b48892ca7,bb3685ef7a556d8dfc2d1fea552c62cb3a3edfd5e61e223758528a7b3337806c,False,True,executable_page_changed,7,7
0x113a6000,True,ad7facb2586fc6e966c004d7d1d16b024f5805ff7cb47c7a85dabd8b48892ca7,778eee50cc5a2598152f847eb6515d2bb095e8b67ad83addd0dc069f49cb8b7b,False,True,executable_page_changed,7,7
0x113a7000,True,ad7facb2586fc6e966c004d7d1d16b024f5805ff7cb47c7a85dabd8b48892ca7,ee3d74b407aa6c4f9d3377d73ab19a4ff2d30bf3cc20728ec1cc2ae35d7449a9,False,True,executable_page_changed,7,7
0x113a8000,True,ad7facb2586fc6e966c004d7d1d16b024f5805ff7cb47c7a85dabd8b48892ca7,447a0c15a1425f0358db65e66d84268d1754ccf90b6215eb49ea44df0a683a59,False,True,executable_page_changed,7,7
0x113a9000,True,ad7facb2586fc6e966c004d7d1d16b024f5805ff7cb47c7a85dabd8b48892ca7,658fb12965ee82170016a9a1edf99d4b8c3c73e577184ad49178fb0bd600f652,False,True,executable_page_changed,7,7
0x113aa000,True,ad7facb2586fc6e966c004d7d1d16b024f5805ff7cb47c7a85dabd8b48892ca7,6c84eae7083213cb8551be0e6baece5de387d8118180f0c741f511d8ed259a18,False,True,executable_page_changed,7,7
0x113ab000,True,ad7facb2586fc6e966c004d7d1d16b024f5805ff7cb47c7a85dabd8b48892ca7,e4f579872ff5a09b7fa8486eb5681dd8a3a96569a48c01bde20fbb316e1e05af,False,True,executable_page_changed,7,7
0x113ac000,True,ad7facb2586fc6e966c004d7d1d16b024f5805ff7cb47c7a85dabd8b48892ca7,467e9a1cdad0bf40c1cf376660580d8af9810b1e15d8a7243c3449459901d86b,False,True,executable_page_changed,7,7
0x113ad000,True,ad7facb2586fc6e966c004d7d1d16b024f5805ff7cb47c7a85dabd8b48892ca7,25ee0fc042ca7a2b63349aacb311a91ff4ff0cc422099fb7346b53fe549bec6b,False,True,executable_page_changed,7,7
0x113ae000,True,ad7facb2586fc6e966c004d7d1d16b024f5805ff7cb47c7a85dabd8b48892ca7,2e5a8c64d131471df593deb699dab18e0a40ccb7e25922ad2e8bf1a1c8e3734a,False,True,executable_page_changed,7,7
0x113af000,True,ad7facb2586fc6e966c004d7d1d16b024f5805ff7cb47c7a85dabd8b48892ca7,8ee951a8072f2bb28dfd1b4c58589ebb014c473ae8705282fd2f642ed6ae6001,False,True,executable_page_changed,7,7
0x113b0000,True,ad7facb2586fc6e966c004d7d1d16b024f5805ff7cb47c7a85dabd8b48892ca7,b88e6310d74472ad71cc3e862a4156863272a0cf7e916088509e5236fa1bd150,False,True,executable_page_changed,7,7
0x113b1000,True,ad7facb2586fc6e966c004d7d1d16b024f5805ff7cb47c7a85dabd8b48892ca7,bfbb53f83f4a1b65480e05734ccf794ef466f561db93c99243acf7061685656c,False,True,executable_page_changed,7,7
0x113b2000,True,ad7facb2586fc6e966c004d7d1d16b024f5805ff7cb47c7a85dabd8b48892ca7,6ffdb06dd9d9044285bb910fdfb8ee23da3ca23053e4ec97ff5caf944baab5f8,False,True,executable_page_changed,7,7
0x113b3000,True,ad7facb2586fc6e966c004d7d1d16b024f5805ff7cb47c7a85dabd8b48892ca7,5cf66be407a85f6d4100b2d9c0ea0cf833cf5fee7ed17fb7a1a87644eab6eb74,False,True,executable_page_changed,7,7
0x113b4000,True,ad7facb2586fc6e966c004d7d1d16b024f5805ff7cb47c7a85dabd8b48892ca7,df51877dacd56c569fbae29b87e9f6257fbcbf8bf4b21ff9cf0e327e95d1b1f3,False,True,executable_page_changed,7,7
0x113b5000,True,ad7facb2586fc6e966c004d7d1d16b024f5805ff7cb47c7a85dabd8b48892ca7,f84f35a6b15ce812ea9e25c960d53ebadb840a6195aaa117a50a4c166a869104,False,True,executable_page_changed,7,7
0x113b6000,True,ad7facb2586fc6e966c004d7d1d16b024f5805ff7cb47c7a85dabd8b48892ca7,f6913fee39bb4869e3b12a387fca39d5aa44de580be053985326af202e660a4e,False,True,executable_page_changed,7,7
0x113b7000,True,ad7facb2586fc6e966c004d7d1d16b024f5805ff7cb47c7a85dabd8b48892ca7,0d8a79bae50b8c0b7fc699cf18e3230bffe34c87dc278ac0d27f2c8255088824,False,True,executable_page_changed,7,7
0x113b8000,True,ad7facb2586fc6e966c004d7d1d16b024f5805ff7cb47c7a85dabd8b48892ca7,31fec293c514745eebbcd0496297aad8c0009f325dc9b9bad2c687ad8028a3a1,False,True,executable_page_changed,7,7
0x113b9000,True,ad7facb2586fc6e966c004d7d1d16b024f5805ff7cb47c7a85dabd8b48892ca7,03aa71f77abce2b3db16c0d30452adcdc24c802921a9ed51e9debbd94e58f20c,False,True,executable_page_changed,7,7
0x113ba000,True,ad7facb2586fc6e966c004d7d1d16b024f5805ff7cb47c7a85dabd8b48892ca7,4bc74cb4ba2254a9ee3510cd112cdb7608372cbee27a575eb2ea99deb5813a1e,False,True,executable_page_changed,7,7
0x113bb000,True,ad7facb2586fc6e966c004d7d1d16b024f5805ff7cb47c7a85dabd8b48892ca7,e46ace0fe45c118125507034a7ca60689b5c13e8826556a83fa9124629a5c859,False,True,executable_page_changed,7,7
0x113bc000,True,ad7facb2586fc6e966c004d7d1d16b024f5805ff7cb47c7a85dabd8b48892ca7,cdc85c76d10e57dcf69b455d1366bb63a5e6fbc9ffe302594c7c2e810408191c,False,True,executable_page_changed,7,7
0x113bd000,True,ad7facb2586fc6e966c004d7d1d16b024f5805ff7cb47c7a85dabd8b48892ca7,89cd17a483401758992d7fd1bd7eb44f4950347198e5c35f3b4030877370cc24,False,True,executable_page_changed,7,7
0x113be000,True,ad7facb2586fc6e966c004d7d1d16b024f5805ff7cb47c7a85dabd8b48892ca7,e33acaf4b1b07db34bf95e99015ef458d45364d829e24ba15b590ac3b31a8a0a,False,True,executable_page_changed,7,7
0x113bf000,True,ad7facb2586fc6e966c004d7d1d16b024f5805ff7cb47c7a85dabd8b48892ca7,d16040a7943d4335f3f9d1b97ae592cdf41890fabc02236e4f0f3c5c9572856f,False,True,executable_page_changed,7,7
0x113c0000,True,ad7facb2586fc6e966c004d7d1d16b024f5805ff7cb47c7a85dabd8b48892ca7,da772df15de3f000f19d9b413aee61347707af5ce36c04edc4cf3853a9601436,False,True,executable_page_changed,7,7
0x113c1000,True,ad7facb2586fc6e966c004d7d1d16b024f5805ff7cb47c7a85dabd8b48892ca7,b2c9f50ae886a90de1b372a89e6b63dcb4c4370681eb3d33c191159a163e4cca,False,True,executable_page_changed,7,7
0x113c2000,True,ad7facb2586fc6e966c004d7d1d16b024f5805ff7cb47c7a85dabd8b48892ca7,ebeb1f0e4a8b04eee2eb9776d2bb7dfee5a2f14676f224f0c468a314867eab7c,False,True,executable_page_changed,7,7
0x113c3000,True,ad7facb2586fc6e966c004d7d1d16b024f5805ff7cb47c7a85dabd8b48892ca7,1d1802f1ca2011b6fcd2e4326c0bedea6dff5638259a58db5b5fadcbab939240,False,True,executable_page_changed,7,7
0x113c4000,True,ad7facb2586fc6e966c004d7d1d16b024f5805ff7cb47c7a85dabd8b48892ca7,8980783d9a2ee734e04054bb55a47fd788471b9422d0b6f9fceccdf2c4980c83,False,True,executable_page_changed,7,7
0x113c5000,True,ad7facb2586fc6e966c004d7d1d16b024f5805ff7cb47c7a85dabd8b48892ca7,eb5637623510527f3cb211bda158a42373edc8fcdde39b64bb4e2765f4332f64,False,True,executable_page_changed,7,7
0x113c6000,True,ad7facb2586fc6e966c004d7d1d16b024f5805ff7cb47c7a85dabd8b48892ca7,095c964e45849d0ba8b33051e4f12a8b00dd327e922f4405850e8e358acdf183,False,True,executable_page_changed,7,7
0x113c7000,True,ad7facb2586fc6e966c004d7d1d16b024f5805ff7cb47c7a85dabd8b48892ca7,f956b18f22042e1b5124b25f4a50a2a8d9e8eb67d7a05141cfb401568911b5d6,False,True,executable_page_changed,7,7
0x113c8000,True,ad7facb2586fc6e966c004d7d1d16b024f5805ff7cb47c7a85dabd8b48892ca7,09e8111e7cc3f6eaa92e110cf2d039a6959a1047f86050ee0f56d9b5fae36ba1,False,True,executable_page_changed,7,7
0x113c9000,True,ad7facb2586fc6e966c004d7d1d16b024f5805ff7cb47c7a85dabd8b48892ca7,1ff9dfbb4fcb830ebd901c4d3786f2581c596640518c577717c8e2bf46ffddac,False,True,executable_page_changed,7,7
0x113ca000,True,ad7facb2586fc6e966c004d7d1d16b024f5805ff7cb47c7a85dabd8b48892ca7,ae0685d76d9a1f502b3bc658d95ff3a3edcd12a6722c887b1cdfbf863ed0bc64,False,True,executable_page_changed,7,7
0x113cb000,True,ad7facb2586fc6e966c004d7d1d16b024f5805ff7cb47c7a85dabd8b48892ca7,b23dddc46af74dcf8b535e9f4f2448f60a634327fbb97cb61908bab0e2174156,False,True,executable_page_changed,7,7
0x113cc000,True,ad7facb2586fc6e966c004d7d1d16b024f5805ff7cb47c7a85dabd8b48892ca7,f878f73d3f383fb2edc16feb0a552df435818c54db34f5bcb27d7bc433f74f80,False,True,executable_page_changed,7,7
0x113cd000,True,ad7facb2586fc6e966c004d7d1d16b024f5805ff7cb47c7a85dabd8b48892ca7,c3113d76945af2abacee8b31cdf41120ce0a06895629fac66fd998867f828e32,False,True,executable_page_changed,7,7
0x113ce000,True,ad7facb2586fc6e966c004d7d1d16b024f5805ff7cb47c7a85dabd8b48892ca7,6174c93fa19e9f545c95f03124030cbeb47e84b3d92bb8cfcd9e2086a2678840,False,True,executable_page_changed,7,7
0x113cf000,True,ad7facb2586fc6e966c004d7d1d16b024f5805ff7cb47c7a85dabd8b48892ca7,cfc727ac6728e802bb7342da5b09d36a4e4693cb05c2e98a916f10cb3e83b11b,False,True,executable_page_changed,7,7
0x113d0000,True,ad7facb2586fc6e966c004d7d1d16b024f5805ff7cb47c7a85dabd8b48892ca7,4e1d6c604f953ba2ed43e35ace58ef175485a689cb9d16bc068c727e92b4a5de,False,True,executable_page_changed,7,7
0x113d1000,True,ad7facb2586fc6e966c004d7d1d16b024f5805ff7cb47c7a85dabd8b48892ca7,fc416c7a60ce9f4c99da8d9623b9a2624354e1471d1adee7b32356534cfb1d29,False,True,executable_page_changed,7,7
0x113d2000,True,ad7facb2586fc6e966c004d7d1d16b024f5805ff7cb47c7a85dabd8b48892ca7,1ee99e948fb9fc32857fb00bce6163f7527d6bce37bd88250c3a14089aa63eef,False,True,executable_page_changed,7,7
0x113d3000,True,ad7facb2586fc6e966c004d7d1d16b024f5805ff7cb47c7a85dabd8b48892ca7,fa8eeef3cce9d1681722fe42d4bffec2c5533e1b436511d58fde1b55c9638156,False,True,executable_page_changed,7,7
0x113d4000,True,ad7facb2586fc6e966c004d7d1d16b024f5805ff7cb47c7a85dabd8b48892ca7,80b64418c13403378382ff81fea8604eca1a4077f97c5fe8dca203b4496997d6,False,True,executable_page_changed,7,7
0x113d5000,True,ad7facb2586fc6e966c004d7d1d16b024f5805ff7cb47c7a85dabd8b48892ca7,7e9891e2021fd0893e5a3f0c38cf790bbc16168fdbe09213e1dd160a390febc3,False,True,executable_page_changed,7,7
0x113d6000,True,ad7facb2586fc6e966c004d7d1d16b024f5805ff7cb47c7a85dabd8b48892ca7,f99853cbd99a286c31d6984ed793cf447050a67c707ff2478b5517bd15979c00,False,True,executable_page_changed,7,7
0x113d7000,True,ad7facb2586fc6e966c004d7d1d16b024f5805ff7cb47c7a85dabd8b48892ca7,1a298de99c5670f17cefb544b8a2160dd7a51ba97985811795df9c1f302c2aa0,False,True,executable_page_changed,7,7
0x113d8000,True,ad7facb2586fc6e966c004d7d1d16b024f5805ff7cb47c7a85dabd8b48892ca7,2159c87d97fab69cb46f6146f007e330cd8deff70cfe264201ad0bb49fb86d06,False,True,executable_page_changed,7,7
0x113d9000,True,ad7facb2586fc6e966c004d7d1d16b024f5805ff7cb47c7a85dabd8b48892ca7,2cce4ceb3a110da81b14059cb0546321fefcd5e0eb13f25b5883eb05c6cfee89,False,True,executable_page_changed,7,7
0x113da000,True,ad7facb2586fc6e966c004d7d1d16b024f5805ff7cb47c7a85dabd8b48892ca7,86dd295666b276abfd2c628a7ee687663d116ed9bbcf09e36b2fbe2cba7a4657,False,True,executable_page_changed,7,7
0x113db000,True,ad7facb2586fc6e966c004d7d1d16b024f5805ff7cb47c7a85dabd8b48892ca7,63f2f9e8382ecbe667cfcd2e2bfa3e272f5dd31d8f3f52c802378900362f5adf,False,True,executable_page_changed,7,7
0x113dc000,True,ad7facb2586fc6e966c004d7d1d16b024f5805ff7cb47c7a85dabd8b48892ca7,e1ec3b5892615b45b0e9862109b558d8524d7d460744a36ace0e9aa81faf3e7d,False,True,executable_page_changed,7,7
0x113dd000,True,ad7facb2586fc6e966c004d7d1d16b024f5805ff7cb47c7a85dabd8b48892ca7,e4474b0a463acf3bf67f6be1b0758b997190061805f10134e7366f6a2522af58,False,True,executable_page_changed,7,7
0x113de000,True,ad7facb2586fc6e966c004d7d1d16b024f5805ff7cb47c7a85dabd8b48892ca7,9f1e5eb3e7891861f3c92464b156ced55aa76bb8d43c0b196198467bdf5679ba,False,True,executable_page_changed,7,7
0x113df000,True,ad7facb2586fc6e966c004d7d1d16b024f5805ff7cb47c7a85dabd8b48892ca7,84f3ad7d8e85f6bb5500c38190f9aacd633f254ac0ae600f1c9ae24b9bed5803,False,True,executable_page_changed,7,7
0x113e0000,True,ad7facb2586fc6e966c004d7d1d16b024f5805ff7cb47c7a85dabd8b48892ca7,98e039d05d6ab7936b74b6fc45f122f5025ff95e8f48686f985a8554abd445cb,False,True,executable_page_changed,7,7
0x113e1000,True,ad7facb2586fc6e966c004d7d1d16b024f5805ff7cb47c7a85dabd8b48892ca7,9eb5bb5bde0282c9c74956eb16ed1c4e075c699452e7a48b2f8f30fa2aecb5ff,False,True,executable_page_changed,7,7
0x113e2000,True,ad7facb2586fc6e966c004d7d1d16b024f5805ff7cb47c7a85dabd8b48892ca7,8f4bc4bc176ca45dd4c8ae54a6b551c6e223a2b28c290d035d5d6788bc5234e4,False,True,executable_page_changed,7,7
0x113e3000,True,ad7facb2586fc6e966c004d7d1d16b024f5805ff7cb47c7a85dabd8b48892ca7,be82a8f8a50f50f127e8319842b9e8f1d38a668b653db66adc52dec4e830e223,False,True,executable_page_changed,7,7
0x113e4000,True,ad7facb2586fc6e966c004d7d1d16b024f5805ff7cb47c7a85dabd8b48892ca7,10afbbde6466bf9a8b34853d218d0560e3f991abc4e04772917d8d77b2f19bda,False,True,executable_page_changed,7,7
0x113e5000,True,ad7facb2586fc6e966c004d7d1d16b024f5805ff7cb47c7a85dabd8b48892ca7,d86d3e6a830268629e4e595c129255b84160faf8e7e82a2c9a6c64c3700481fe,False,True,executable_page_changed,7,7
0x113e6000,True,ad7facb2586fc6e966c004d7d1d16b024f5805ff7cb47c7a85dabd8b48892ca7,b4f9c1e961b92b6d2527a7bf62310fde4fb155964f1b15c059450172eeda652a,False,True,executable_page_changed,7,7
0x113e7000,True,ad7facb2586fc6e966c004d7d1d16b024f5805ff7cb47c7a85dabd8b48892ca7,93c225ac2efbfbca5688ac6014b514635290f594e8afa791aa68145ae6c2de8a,False,True,executable_page_changed,7,7
0x113e8000,True,ad7facb2586fc6e966c004d7d1d16b024f5805ff7cb47c7a85dabd8b48892ca7,9d40d6643d9b9b16926e10ab7ab79022efeff8b49aa5593e791dd83b7f9ffa43,False,True,executable_page_changed,7,7
0x113e9000,True,ad7facb2586fc6e966c004d7d1d16b024f5805ff7cb47c7a85dabd8b48892ca7,48afba183c04e70c2334b0d04d1dcf2ea543402097cfdb5e2f09f1650b7e84ea,False,True,executable_page_changed,7,7
0x113ea000,True,ad7facb2586fc6e966c004d7d1d16b024f5805ff7cb47c7a85dabd8b48892ca7,bbf279c4578d6bca1f5b81c07af894275b3ba14e2508e18ce2b20b41ada630b1,False,True,executable_page_changed,7,7
0x113eb000,True,ad7facb2586fc6e966c004d7d1d16b024f5805ff7cb47c7a85dabd8b48892ca7,2a1586ab848d09d2ad50ef02d802988b0e33988c81c167338dfb6d613529a457,False,True,executable_page_changed,7,7
0x113ec000,True,ad7facb2586fc6e966c004d7d1d16b024f5805ff7cb47c7a85dabd8b48892ca7,882377dc93963e4df3caa5924c71ddf3982607e662eed05de26c7131e18aad2f,False,True,executable_page_changed,7,7
0x113ed000,True,ad7facb2586fc6e966c004d7d1d16b024f5805ff7cb47c7a85dabd8b48892ca7,1c53adc44d94e69d0a7f8dda1ad9a48e605cf81354095762776f7111f414e778,False,True,executable_page_changed,7,7
0x113ee000,True,ad7facb2586fc6e966c004d7d1d16b024f5805ff7cb47c7a85dabd8b48892ca7,d9fda1dfa9f454d75c8bad8310b093d63da26b4a4b0946d0457d17898073a6c3,False,True,executable_page_changed,7,7
0x7000ffe000,False,8b8d9d82158cf313ab1816ab6bfc6f3a924dd45676aaa9d27772480216bad254,519c1ee02111db8bfbd3b07ce8ae213e9bd9b46123da9dd5fc5a4b582bf46138,True,True,,7,7
